75001,Addison,Texas,Dallas
75002,Allen,Texas,Collin
75006,Carrollton,Texas,Dallas
75007,Carrollton,Texas,Denton
75009,Celina,Texas,Collin
75010,Carrollton,Texas,Denton
75013,Allen,Texas,Collin
75019,Coppell,Texas,Dallas
75020,Denison,Texas,Grayson
75021,Denison,Texas,Grayson
75022,Flower Mound,Texas,Denton
75023,Plano,Texas,Collin
75024,Plano,Texas,Collin
75025,Plano,Texas,Collin
75028,Flower Mound,Texas,Denton
75032,Rockwall,Texas,Rockwall
75034,Frisco,Texas,Denton
75035,Frisco,Texas,Collin
75038,Irving,Texas,Dallas
75039,Irving,Texas,Dallas
75040,Garland,Texas,Dallas
75041,Garland,Texas,Dallas
75042,Garland,Texas,Dallas
75043,Garland,Texas,Dallas
75044,Garland,Texas,Dallas
75048,Sachse,Texas,Dallas
75050,Grand Prairie,Texas,Dallas
75051,Grand Prairie,Texas,Dallas
75052,Grand Prairie,Texas,Dallas
75054,Grand Prairie,Texas,Tarrant
75056,The Colony,Texas,Denton
75057,Lewisville,Texas,Denton
75058,Gunter,Texas,Grayson
75060,Irving,Texas,Dallas
75061,Irving,Texas,Dallas
75062,Irving,Texas,Dallas
75063,Irving,Texas,Dallas
75065,Lake Dallas,Texas,Denton
75067,Lewisville,Texas,Denton
75068,Little Elm,Texas,Denton
75069,Mckinney,Texas,Collin
75070,Mckinney,Texas,Collin
75071,Mckinney,Texas,Collin
75074,Plano,Texas,Collin
75075,Plano,Texas,Collin
75076,Pottsboro,Texas,Grayson
75077,Lewisville,Texas,Denton
75078,Prosper,Texas,Collin
75080,Richardson,Texas,Dallas
75081,Richardson,Texas,Dallas
75082,Richardson,Texas,Collin
75087,Rockwall,Texas,Rockwall
75088,Rowlett,Texas,Dallas
75089,Rowlett,Texas,Dallas
75090,Sherman,Texas,Grayson
75092,Sherman,Texas,Grayson
75093,Plano,Texas,Collin
75094,Plano,Texas,Collin
75098,Wylie,Texas,Collin
75101,Bardwell,Texas,Ellis
75102,Barry,Texas,Navarro
75103,Canton,Texas,Van Zandt
75104,Cedar Hill,Texas,Dallas
75105,Chatfield,Texas,Navarro
75109,Corsicana,Texas,Navarro
75110,Corsicana,Texas,Navarro
75114,Crandall,Texas,Kaufman
75115,Desoto,Texas,Dallas
75116,Duncanville,Texas,Dallas
75117,Edgewood,Texas,Van Zandt
75119,Ennis,Texas,Ellis
75124,Eustace,Texas,Henderson
75125,Ferris,Texas,Ellis
75126,Forney,Texas,Kaufman
75127,Fruitvale,Texas,Van Zandt
75132,Fate,Texas,Rockwall
75134,Lancaster,Texas,Dallas
75135,Caddo Mills,Texas,Hunt
75137,Duncanville,Texas,Dallas
75140,Grand Saline,Texas,Van Zandt
75141,Hutchins,Texas,Dallas
75142,Kaufman,Texas,Kaufman
75143,Kemp,Texas,Henderson
75144,Kerens,Texas,Navarro
75146,Lancaster,Texas,Dallas
75147,Mabank,Texas,Kaufman
75148,Malakoff,Texas,Henderson
75149,Mesquite,Texas,Dallas
75150,Mesquite,Texas,Dallas
75152,Palmer,Texas,Ellis
75153,Powell,Texas,Navarro
75154,Red Oak,Texas,Ellis
75155,Rice,Texas,Navarro
75156,Mabank,Texas,Henderson
75157,Rosser,Texas,Kaufman
75158,Scurry,Texas,Kaufman
75159,Seagoville,Texas,Dallas
75160,Terrell,Texas,Kaufman
75161,Terrell,Texas,Kaufman
75163,Trinidad,Texas,Henderson
75164,Josephine,Texas,Collin
75165,Waxahachie,Texas,Ellis
75166,Lavon,Texas,Collin
75167,Waxahachie,Texas,Ellis
75169,Wills Point,Texas,Van Zandt
75172,Wilmer,Texas,Dallas
75173,Nevada,Texas,Collin
75180,Balch Springs,Texas,Dallas
75181,Mesquite,Texas,Dallas
75182,Sunnyvale,Texas,Dallas
75189,Royse City,Texas,Rockwall
75201,Dallas,Texas,Dallas
75202,Dallas,Texas,Dallas
75203,Dallas,Texas,Dallas
75204,Dallas,Texas,Dallas
75205,Dallas,Texas,Dallas
75206,Dallas,Texas,Dallas
75207,Dallas,Texas,Dallas
75208,Dallas,Texas,Dallas
75209,Dallas,Texas,Dallas
75210,Dallas,Texas,Dallas
75211,Dallas,Texas,Dallas
75212,Dallas,Texas,Dallas
75214,Dallas,Texas,Dallas
75215,Dallas,Texas,Dallas
75216,Dallas,Texas,Dallas
75217,Dallas,Texas,Dallas
75218,Dallas,Texas,Dallas
75219,Dallas,Texas,Dallas
75220,Dallas,Texas,Dallas
75223,Dallas,Texas,Dallas
75224,Dallas,Texas,Dallas
75225,Dallas,Texas,Dallas
75226,Dallas,Texas,Dallas
75227,Dallas,Texas,Dallas
75228,Dallas,Texas,Dallas
75229,Dallas,Texas,Dallas
75230,Dallas,Texas,Dallas
75231,Dallas,Texas,Dallas
75232,Dallas,Texas,Dallas
75233,Dallas,Texas,Dallas
75234,Dallas,Texas,Dallas
75235,Dallas,Texas,Dallas
75236,Dallas,Texas,Dallas
75237,Dallas,Texas,Dallas
75238,Dallas,Texas,Dallas
75240,Dallas,Texas,Dallas
75241,Dallas,Texas,Dallas
75243,Dallas,Texas,Dallas
75244,Dallas,Texas,Dallas
75246,Dallas,Texas,Dallas
75247,Dallas,Texas,Dallas
75248,Dallas,Texas,Dallas
75249,Dallas,Texas,Dallas
75251,Dallas,Texas,Dallas
75252,Dallas,Texas,Collin
75253,Dallas,Texas,Dallas
75254,Dallas,Texas,Dallas
75270,Dallas,Texas,Dallas
75287,Dallas,Texas,Denton
75390,Dallas,Texas,Dallas
75401,Greenville,Texas,Hunt
75402,Greenville,Texas,Hunt
75407,Princeton,Texas,Collin
75409,Anna,Texas,Collin
75410,Alba,Texas,Wood
75411,Arthur City,Texas,Lamar
75412,Bagwell,Texas,Red River
75413,Bailey,Texas,Fannin
75414,Bells,Texas,Grayson
75415,Ben Franklin,Texas,Delta
75416,Blossom,Texas,Lamar
75417,Bogata,Texas,Red River
75418,Bonham,Texas,Fannin
75420,Brashear,Texas,Hopkins
75421,Brookston,Texas,Lamar
75422,Campbell,Texas,Hunt
75423,Celeste,Texas,Hunt
75424,Blue Ridge,Texas,Collin
75426,Clarksville,Texas,Red River
75428,Commerce,Texas,Hunt
75431,Como,Texas,Hopkins
75432,Cooper,Texas,Delta
75433,Cumby,Texas,Hopkins
75435,Deport,Texas,Lamar
75436,Detroit,Texas,Red River
75437,Dike,Texas,Hopkins
75438,Dodd City,Texas,Fannin
75439,Ector,Texas,Fannin
75440,Emory,Texas,Rains
75441,Enloe,Texas,Delta
75442,Farmersville,Texas,Collin
75446,Honey Grove,Texas,Fannin
75447,Ivanhoe,Texas,Fannin
75448,Klondike,Texas,Delta
75449,Ladonia,Texas,Fannin
75450,Lake Creek,Texas,Delta
75451,Leesburg,Texas,Camp
75452,Leonard,Texas,Fannin
75453,Lone Oak,Texas,Hunt
75454,Melissa,Texas,Collin
75455,Mount Pleasant,Texas,Titus
75457,Mount Vernon,Texas,Franklin
75459,Howe,Texas,Grayson
75460,Paris,Texas,Lamar
75462,Paris,Texas,Lamar
75468,Pattonville,Texas,Lamar
75469,Pecan Gap,Texas,Delta
75470,Petty,Texas,Lamar
75471,Pickton,Texas,Hopkins
75472,Point,Texas,Rains
75473,Powderly,Texas,Lamar
75474,Quinlan,Texas,Hunt
75475,Randolph,Texas,Fannin
75476,Ravenna,Texas,Fannin
75477,Roxton,Texas,Lamar
75478,Saltillo,Texas,Hopkins
75479,Savoy,Texas,Fannin
75480,Scroggins,Texas,Franklin
75481,Sulphur Bluff,Texas,Hopkins
75482,Sulphur Springs,Texas,Hopkins
75486,Sumner,Texas,Lamar
75487,Talco,Texas,Titus
75488,Telephone,Texas,Fannin
75489,Tom Bean,Texas,Grayson
75490,Trenton,Texas,Fannin
75491,Whitewright,Texas,Grayson
75492,Windom,Texas,Fannin
75493,Winfield,Texas,Titus
75494,Winnsboro,Texas,Wood
75495,Van Alstyne,Texas,Grayson
75496,Wolfe City,Texas,Hunt
75497,Yantis,Texas,Wood
75501,Texarkana,Texas,Bowie
75503,Texarkana,Texas,Bowie
75550,Annona,Texas,Red River
75551,Atlanta,Texas,Cass
75554,Avery,Texas,Red River
75555,Bivins,Texas,Cass
75556,Bloomburg,Texas,Cass
75558,Cookville,Texas,Titus
75559,De Kalb,Texas,Bowie
75560,Douglassville,Texas,Cass
75561,Hooks,Texas,Bowie
75562,Kildare,Texas,Cass
75563,Linden,Texas,Cass
75565,McLeod,Texas,Cass
75566,Marietta,Texas,Cass
75567,Maud,Texas,Bowie
75568,Naples,Texas,Morris
75569,Nash,Texas,Bowie
75570,New Boston,Texas,Bowie
75571,Omaha,Texas,Morris
75572,Queen City,Texas,Cass
75573,Redwater,Texas,Bowie
75574,Simms,Texas,Bowie
75601,Longview,Texas,Gregg
75602,Longview,Texas,Gregg
75603,Longview,Texas,Gregg
75604,Longview,Texas,Gregg
75605,Longview,Texas,Gregg
75630,Avinger,Texas,Marion
75631,Beckville,Texas,Panola
75633,Carthage,Texas,Panola
75638,Daingerfield,Texas,Morris
75639,De Berry,Texas,Panola
75640,Diana,Texas,Upshur
75641,Easton,Texas,Gregg
75642,Elysian Fields,Texas,Harrison
75643,Gary,Texas,Panola
75644,Gilmer,Texas,Upshur
75645,Gilmer,Texas,Upshur
75647,Gladewater,Texas,Gregg
75650,Hallsville,Texas,Harrison
75651,Harleton,Texas,Harrison
75652,Henderson,Texas,Rusk
75654,Henderson,Texas,Rusk
75656,Hughes Springs,Texas,Cass
75657,Jefferson,Texas,Marion
75661,Karnack,Texas,Harrison
75662,Kilgore,Texas,Gregg
75667,Laneville,Texas,Rusk
75668,Lone Star,Texas,Morris
75669,Long Branch,Texas,Panola
75670,Marshall,Texas,Harrison
75672,Marshall,Texas,Harrison
75681,Mount Enterprise,Texas,Rusk
75682,New London,Texas,Rusk
75683,Ore City,Texas,Upshur
75684,Overton,Texas,Rusk
75686,Pittsburg,Texas,Camp
75691,Tatum,Texas,Rusk
75692,Waskom,Texas,Harrison
75693,White Oak,Texas,Gregg
75701,Tyler,Texas,Smith
75702,Tyler,Texas,Smith
75703,Tyler,Texas,Smith
75704,Tyler,Texas,Smith
75705,Tyler,Texas,Smith
75706,Tyler,Texas,Smith
75707,Tyler,Texas,Smith
75708,Tyler,Texas,Smith
75709,Tyler,Texas,Smith
75750,Arp,Texas,Smith
75751,Athens,Texas,Henderson
75752,Athens,Texas,Henderson
75754,Ben Wheeler,Texas,Van Zandt
75755,Big Sandy,Texas,Upshur
75756,Brownsboro,Texas,Henderson
75757,Bullard,Texas,Smith
75758,Chandler,Texas,Henderson
75759,Cuney,Texas,Cherokee
75760,Cushing,Texas,Nacogdoches
75762,Flint,Texas,Smith
75763,Frankston,Texas,Anderson
75764,Gallatin,Texas,Cherokee
75765,Hawkins,Texas,Wood
75766,Jacksonville,Texas,Cherokee
75770,Larue,Texas,Henderson
75771,Lindale,Texas,Smith
75773,Mineola,Texas,Wood
75778,Murchison,Texas,Henderson
75779,Neches,Texas,Anderson
75780,New Summerfield,Texas,Cherokee
75783,Quitman,Texas,Wood
75784,Reklaw,Texas,Cherokee
75785,Rusk,Texas,Cherokee
75788,Sacul,Texas,Nacogdoches
75789,Troup,Texas,Smith
75790,Van,Texas,Van Zandt
75791,Whitehouse,Texas,Smith
75792,Winona,Texas,Smith
75801,Palestine,Texas,Anderson
75803,Palestine,Texas,Anderson
75831,Buffalo,Texas,Leon
75832,Cayuga,Texas,Anderson
75833,Centerville,Texas,Leon
75835,Crockett,Texas,Houston
75838,Donie,Texas,Freestone
75839,Elkhart,Texas,Anderson
75840,Fairfield,Texas,Freestone
75844,Grapeland,Texas,Houston
75845,Groveton,Texas,Trinity
75846,Jewett,Texas,Leon
75847,Kennard,Texas,Houston
75848,Kirvin,Texas,Freestone
75849,Latexo,Texas,Houston
75850,Leona,Texas,Leon
75851,Lovelady,Texas,Houston
75852,Midway,Texas,Madison
75853,Montalba,Texas,Anderson
75855,Oakwood,Texas,Leon
75856,Pennington,Texas,Trinity
75858,Ratcliff,Texas,Houston
75859,Streetman,Texas,Freestone
75860,Teague,Texas,Freestone
75861,Tennessee Colony,Texas,Anderson
75862,Trinity,Texas,Trinity
75901,Lufkin,Texas,Angelina
75904,Lufkin,Texas,Angelina
75925,Alto,Texas,Cherokee
75926,Apple Springs,Texas,Trinity
75928,Bon Wier,Texas,Newton
75929,Broaddus,Texas,San Augustine
75930,Bronson,Texas,Sabine
75931,Brookeland,Texas,Jasper
75932,Burkeville,Texas,Newton
75933,Call,Texas,Newton
75934,Camden,Texas,Polk
75935,Center,Texas,Shelby
75936,Chester,Texas,Tyler
75937,Chireno,Texas,Nacogdoches
75938,Colmesneil,Texas,Tyler
75939,Corrigan,Texas,Polk
75941,Diboll,Texas,Angelina
75942,Doucette,Texas,Tyler
75943,Douglass,Texas,Nacogdoches
75944,Etoile,Texas,Nacogdoches
75946,Garrison,Texas,Nacogdoches
75948,Hemphill,Texas,Sabine
75949,Huntington,Texas,Angelina
75951,Jasper,Texas,Jasper
75954,Joaquin,Texas,Shelby
75956,Kirbyville,Texas,Jasper
75959,Milam,Texas,Sabine
75960,Moscow,Texas,Polk
75961,Nacogdoches,Texas,Nacogdoches
75962,Nacogdoches,Texas,Nacogdoches
75964,Nacogdoches,Texas,Nacogdoches
75965,Nacogdoches,Texas,Nacogdoches
75966,Newton,Texas,Newton
75968,Pineland,Texas,Sabine
75969,Pollok,Texas,Angelina
75972,San Augustine,Texas,San Augustine
75973,Shelbyville,Texas,Shelby
75974,Tenaha,Texas,Shelby
75975,Timpson,Texas,Shelby
75976,Wells,Texas,Cherokee
75977,Wiergate,Texas,Newton
75978,Woden,Texas,Nacogdoches
75979,Woodville,Texas,Tyler
75980,Zavalla,Texas,Angelina
76001,Arlington,Texas,Tarrant
76002,Arlington,Texas,Tarrant
76006,Arlington,Texas,Tarrant
76008,Aledo,Texas,Parker
76009,Alvarado,Texas,Johnson
76010,Arlington,Texas,Tarrant
76011,Arlington,Texas,Tarrant
76012,Arlington,Texas,Tarrant
76013,Arlington,Texas,Tarrant
76014,Arlington,Texas,Tarrant
76015,Arlington,Texas,Tarrant
76016,Arlington,Texas,Tarrant
76017,Arlington,Texas,Tarrant
76018,Arlington,Texas,Tarrant
76020,Azle,Texas,Tarrant
76021,Bedford,Texas,Tarrant
76022,Bedford,Texas,Tarrant
76023,Boyd,Texas,Wise
76028,Burleson,Texas,Johnson
76031,Cleburne,Texas,Johnson
76033,Cleburne,Texas,Johnson
76034,Colleyville,Texas,Tarrant
76035,Cresson,Texas,Parker
76036,Crowley,Texas,Tarrant
76039,Euless,Texas,Tarrant
76040,Euless,Texas,Tarrant
76041,Forreston,Texas,Ellis
76043,Glen Rose,Texas,Somervell
76044,Godley,Texas,Johnson
76048,Granbury,Texas,Hood
76049,Granbury,Texas,Hood
76050,Grandview,Texas,Johnson
76051,Grapevine,Texas,Tarrant
76052,Haslet,Texas,Tarrant
76053,Hurst,Texas,Tarrant
76054,Hurst,Texas,Tarrant
76055,Itasca,Texas,Hill
76058,Joshua,Texas,Johnson
76059,Keene,Texas,Johnson
76060,Kennedale,Texas,Tarrant
76061,Lillian,Texas,Johnson
76063,Mansfield,Texas,Tarrant
76064,Maypearl,Texas,Ellis
76065,Midlothian,Texas,Ellis
76066,Millsap,Texas,Parker
76067,Mineral Wells,Texas,Palo Pinto
76070,Nemo,Texas,Somervell
76071,Newark,Texas,Wise
76073,Paradise,Texas,Wise
76077,Rainbow,Texas,Somervell
76078,Rhome,Texas,Wise
76082,Springtown,Texas,Parker
76084,Venus,Texas,Johnson
76085,Weatherford,Texas,Parker
76086,Weatherford,Texas,Parker
76087,Weatherford,Texas,Parker
76088,Weatherford,Texas,Parker
76092,Southlake,Texas,Tarrant
76093,Rio Vista,Texas,Johnson
76102,Fort Worth,Texas,Tarrant
76103,Fort Worth,Texas,Tarrant
76104,Fort Worth,Texas,Tarrant
76105,Fort Worth,Texas,Tarrant
76106,Fort Worth,Texas,Tarrant
76107,Fort Worth,Texas,Tarrant
76108,Fort Worth,Texas,Tarrant
76109,Fort Worth,Texas,Tarrant
76110,Fort Worth,Texas,Tarrant
76111,Fort Worth,Texas,Tarrant
76112,Fort Worth,Texas,Tarrant
76114,Fort Worth,Texas,Tarrant
76115,Fort Worth,Texas,Tarrant
76116,Fort Worth,Texas,Tarrant
76117,Haltom City,Texas,Tarrant
76118,Fort Worth,Texas,Tarrant
76119,Fort Worth,Texas,Tarrant
76120,Fort Worth,Texas,Tarrant
76123,Fort Worth,Texas,Tarrant
76126,Fort Worth,Texas,Tarrant
76127,Naval Air Station Jrb,Texas,Tarrant
76129,Fort Worth,Texas,Tarrant
76131,Fort Worth,Texas,Tarrant
76132,Fort Worth,Texas,Tarrant
76133,Fort Worth,Texas,Tarrant
76134,Fort Worth,Texas,Tarrant
76135,Fort Worth,Texas,Tarrant
76137,Fort Worth,Texas,Tarrant
76140,Fort Worth,Texas,Tarrant
76148,Fort Worth,Texas,Tarrant
76155,Fort Worth,Texas,Tarrant
76164,Fort Worth,Texas,Tarrant
76177,Fort Worth,Texas,Tarrant
76179,Fort Worth,Texas,Tarrant
76180,North Richland Hills,Texas,Tarrant
76182,North Richland Hills,Texas,Tarrant
76201,Denton,Texas,Denton
76205,Denton,Texas,Denton
76207,Denton,Texas,Denton
76208,Denton,Texas,Denton
76209,Denton,Texas,Denton
76210,Denton,Texas,Denton
76225,Alvord,Texas,Wise
76226,Argyle,Texas,Denton
76227,Aubrey,Texas,Denton
76228,Bellevue,Texas,Clay
76230,Bowie,Texas,Montague
76233,Collinsville,Texas,Grayson
76234,Decatur,Texas,Wise
76238,Era,Texas,Cooke
76239,Forestburg,Texas,Montague
76240,Gainesville,Texas,Cooke
76244,Keller,Texas,Tarrant
76245,Gordonville,Texas,Grayson
76247,Justin,Texas,Denton
76248,Keller,Texas,Tarrant
76249,Krum,Texas,Denton
76250,Lindsay,Texas,Cooke
76251,Montague,Texas,Montague
76252,Muenster,Texas,Cooke
76253,Myra,Texas,Cooke
76255,Nocona,Texas,Montague
76258,Pilot Point,Texas,Denton
76259,Ponder,Texas,Denton
76261,Ringgold,Texas,Montague
76262,Roanoke,Texas,Denton
76263,Rosston,Texas,Cooke
76264,Sadler,Texas,Grayson
76265,Saint Jo,Texas,Montague
76266,Sanger,Texas,Denton
76268,Southmayd,Texas,Grayson
76270,Sunset,Texas,Montague
76271,Tioga,Texas,Grayson
76272,Valley View,Texas,Cooke
76273,Whitesboro,Texas,Grayson
76301,Wichita Falls,Texas,Wichita
76302,Wichita Falls,Texas,Wichita
76305,Wichita Falls,Texas,Wichita
76306,Wichita Falls,Texas,Wichita
76308,Wichita Falls,Texas,Wichita
76309,Wichita Falls,Texas,Wichita
76310,Wichita Falls,Texas,Wichita
76311,Sheppard Afb,Texas,Wichita
76351,Archer City,Texas,Archer
76354,Burkburnett,Texas,Wichita
76357,Byers,Texas,Clay
76360,Electra,Texas,Wichita
76363,Goree,Texas,Knox
76364,Harrold,Texas,Wilbarger
76365,Henrietta,Texas,Clay
76366,Holliday,Texas,Archer
76367,Iowa Park,Texas,Wichita
76370,Megargel,Texas,Archer
76371,Munday,Texas,Knox
76372,Newcastle,Texas,Young
76373,Oklaunion,Texas,Wilbarger
76374,Olney,Texas,Young
76377,Petrolia,Texas,Clay
76379,Scotland,Texas,Archer
76380,Seymour,Texas,Baylor
76384,Vernon,Texas,Wilbarger
76388,Weinert,Texas,Haskell
76389,Windthorst,Texas,Archer
76401,Stephenville,Texas,Erath
76402,Stephenville,Texas,Erath
76424,Breckenridge,Texas,Stephens
76426,Bridgeport,Texas,Wise
76427,Bryson,Texas,Jack
76429,Caddo,Texas,Stephens
76430,Albany,Texas,Shackelford
76431,Chico,Texas,Wise
76432,Blanket,Texas,Brown
76433,Bluff Dale,Texas,Erath
76435,Carbon,Texas,Eastland
76436,Carlton,Texas,Hamilton
76437,Cisco,Texas,Eastland
76442,Comanche,Texas,Comanche
76443,Cross Plains,Texas,Callahan
76444,De Leon,Texas,Comanche
76445,Desdemona,Texas,Eastland
76446,Dublin,Texas,Erath
76448,Eastland,Texas,Eastland
76449,Graford,Texas,Palo Pinto
76450,Graham,Texas,Young
76452,Energy,Texas,Comanche
76453,Gordon,Texas,Palo Pinto
76454,Gorman,Texas,Eastland
76455,Gustine,Texas,Comanche
76457,Hico,Texas,Hamilton
76458,Jacksboro,Texas,Jack
76459,Jermyn,Texas,Jack
76460,Loving,Texas,Young
76462,Lipan,Texas,Hood
76463,Mingus,Texas,Palo Pinto
76464,Moran,Texas,Shackelford
76466,Olden,Texas,Eastland
76469,Putnam,Texas,Callahan
76470,Ranger,Texas,Eastland
76471,Rising Star,Texas,Eastland
76472,Santo,Texas,Palo Pinto
76474,Sidney,Texas,Comanche
76475,Strawn,Texas,Palo Pinto
76476,Tolar,Texas,Hood
76481,South Bend,Texas,Young
76483,Throckmorton,Texas,Throckmorton
76484,Palo Pinto,Texas,Palo Pinto
76486,Perrin,Texas,Jack
76487,Poolville,Texas,Parker
76490,Whitt,Texas,Parker
76491,Woodson,Texas,Throckmorton
76501,Temple,Texas,Bell
76502,Temple,Texas,Bell
76504,Temple,Texas,Bell
76508,Temple,Texas,Bell
76511,Bartlett,Texas,Williamson
76513,Belton,Texas,Bell
76518,Buckholts,Texas,Milam
76519,Burlington,Texas,Bell
76520,Cameron,Texas,Milam
76522,Copperas Cove,Texas,Coryell
76523,Davilla,Texas,Milam
76524,Eddy,Texas,McLennan
76525,Evant,Texas,Coryell
76527,Florence,Texas,Williamson
76528,Gatesville,Texas,Coryell
76530,Granger,Texas,Williamson
76531,Hamilton,Texas,Hamilton
76534,Holland,Texas,Bell
76537,Jarrell,Texas,Williamson
76538,Jonesboro,Texas,Coryell
76539,Kempner,Texas,Lampasas
76541,Killeen,Texas,Bell
76542,Killeen,Texas,Bell
76543,Killeen,Texas,Bell
76544,Fort Hood,Texas,Bell
76548,Harker Heights,Texas,Bell
76549,Killeen,Texas,Bell
76550,Lampasas,Texas,Lampasas
76554,Little River Academy,Texas,Bell
76556,Milano,Texas,Milam
76557,Moody,Texas,McLennan
76559,Nolanville,Texas,Bell
76561,Oglesby,Texas,Coryell
76565,Pottsville,Texas,Hamilton
76566,Purmela,Texas,Coryell
76567,Rockdale,Texas,Milam
76569,Rogers,Texas,Bell
76570,Rosebud,Texas,Falls
76571,Salado,Texas,Bell
76573,Schwertner,Texas,Williamson
76574,Taylor,Texas,Williamson
76577,Thorndale,Texas,Milam
76578,Thrall,Texas,Williamson
76579,Troy,Texas,Bell
76596,Gatesville,Texas,Coryell
76597,Gatesville,Texas,Coryell
76598,Gatesville,Texas,Coryell
76599,Gatesville,Texas,Coryell
76621,Abbott,Texas,Hill
76622,Aquilla,Texas,Hill
76623,Avalon,Texas,Ellis
76624,Axtell,Texas,McLennan
76626,Blooming Grove,Texas,Navarro
76627,Blum,Texas,Hill
76628,Brandon,Texas,Hill
76629,Bremond,Texas,Robertson
76630,Bruceville,Texas,McLennan
76631,Bynum,Texas,Hill
76632,Chilton,Texas,Falls
76633,China Spring,Texas,McLennan
76634,Clifton,Texas,Bosque
76635,Coolidge,Texas,Limestone
76636,Covington,Texas,Hill
76637,Cranfills Gap,Texas,Bosque
76638,Crawford,Texas,McLennan
76639,Dawson,Texas,Navarro
76640,Elm Mott,Texas,McLennan
76641,Frost,Texas,Navarro
76642,Groesbeck,Texas,Limestone
76643,Hewitt,Texas,McLennan
76645,Hillsboro,Texas,Hill
76648,Hubbard,Texas,Hill
76649,Iredell,Texas,Bosque
76650,Irene,Texas,Hill
76651,Italy,Texas,Ellis
76652,Kopperl,Texas,Bosque
76653,Kosse,Texas,Limestone
76654,Leroy,Texas,McLennan
76655,Lorena,Texas,McLennan
76656,Lott,Texas,Falls
76657,McGregor,Texas,McLennan
76660,Malone,Texas,Hill
76661,Marlin,Texas,Falls
76664,Mart,Texas,McLennan
76665,Meridian,Texas,Bosque
76666,Mertens,Texas,Hill
76667,Mexia,Texas,Limestone
76670,Milford,Texas,Ellis
76671,Morgan,Texas,Bosque
76673,Mount Calm,Texas,Hill
76676,Penelope,Texas,Hill
76678,Prairie Hill,Texas,Limestone
76679,Purdon,Texas,Navarro
76680,Reagan,Texas,Falls
76681,Richland,Texas,Navarro
76682,Riesel,Texas,McLennan
76685,Satin,Texas,Falls
76686,Tehuacana,Texas,Limestone
76687,Thornton,Texas,Limestone
76689,Valley Mills,Texas,Bosque
76690,Walnut Springs,Texas,Bosque
76691,West,Texas,McLennan
76692,Whitney,Texas,Hill
76693,Wortham,Texas,Freestone
76701,Waco,Texas,McLennan
76704,Waco,Texas,McLennan
76705,Waco,Texas,McLennan
76706,Waco,Texas,McLennan
76707,Waco,Texas,McLennan
76708,Waco,Texas,McLennan
76710,Waco,Texas,McLennan
76711,Waco,Texas,McLennan
76712,Woodway,Texas,McLennan
76798,Waco,Texas,McLennan
76801,Brownwood,Texas,Brown
76802,Early,Texas,Brown
76820,Art,Texas,Mason
76821,Ballinger,Texas,Runnels
76823,Bangs,Texas,Brown
76824,Bend,Texas,San Saba
76825,Brady,Texas,McCulloch
76827,Brookesmith,Texas,Brown
76828,Burkett,Texas,Coleman
76831,Castell,Texas,Llano
76832,Cherokee,Texas,San Saba
76834,Coleman,Texas,Coleman
76836,Doole,Texas,McCulloch
76837,Eden,Texas,Concho
76841,Fort McKavett,Texas,Menard
76842,Fredonia,Texas,Mason
76844,Goldthwaite,Texas,Mills
76845,Gouldbusk,Texas,Coleman
76848,Hext,Texas,Menard
76849,Junction,Texas,Kimble
76852,Lohn,Texas,McCulloch
76853,Lometa,Texas,Lampasas
76854,London,Texas,Kimble
76856,Mason,Texas,Mason
76857,May,Texas,Brown
76858,Melvin,Texas,McCulloch
76859,Menard,Texas,Menard
76861,Miles,Texas,Runnels
76862,Millersview,Texas,Concho
76864,Mullin,Texas,Mills
76865,Norton,Texas,Runnels
76866,Paint Rock,Texas,Concho
76869,Pontotoc,Texas,Mason
76870,Priddy,Texas,Mills
76871,Richland Springs,Texas,San Saba
76872,Rochelle,Texas,McCulloch
76873,Rockwood,Texas,Coleman
76874,Roosevelt,Texas,Kimble
76875,Rowena,Texas,Runnels
76877,San Saba,Texas,San Saba
76878,Santa Anna,Texas,Coleman
76882,Talpa,Texas,Coleman
76884,Valera,Texas,Coleman
76885,Valley Spring,Texas,Llano
76887,Voca,Texas,McCulloch
76888,Voss,Texas,Coleman
76890,Zephyr,Texas,Brown
76901,San Angelo,Texas,Tom Green
76903,San Angelo,Texas,Tom Green
76904,San Angelo,Texas,Tom Green
76905,San Angelo,Texas,Tom Green
76908,Goodfellow Afb,Texas,Tom Green
76930,Barnhart,Texas,Irion
76932,Big Lake,Texas,Reagan
76933,Bronte,Texas,Coke
76934,Carlsbad,Texas,Tom Green
76935,Christoval,Texas,Tom Green
76936,Eldorado,Texas,Schleicher
76937,Eola,Texas,Tom Green
76939,Knickerbocker,Texas,Tom Green
76940,Mereta,Texas,Tom Green
76941,Mertzon,Texas,Irion
76943,Ozona,Texas,Crockett
76945,Robert Lee,Texas,Coke
76949,Silver,Texas,Coke
76950,Sonora,Texas,Sutton
76951,Sterling City,Texas,Sterling
76953,Tennyson,Texas,Coke
76955,Vancourt,Texas,Tom Green
76957,Wall,Texas,Tom Green
76958,Water Valley,Texas,Tom Green
77002,Houston,Texas,Harris
77003,Houston,Texas,Harris
77004,Houston,Texas,Harris
77005,Houston,Texas,Harris
77006,Houston,Texas,Harris
77007,Houston,Texas,Harris
77008,Houston,Texas,Harris
77009,Houston,Texas,Harris
77010,Houston,Texas,Harris
77011,Houston,Texas,Harris
77012,Houston,Texas,Harris
77013,Houston,Texas,Harris
77014,Houston,Texas,Harris
77015,Houston,Texas,Harris
77016,Houston,Texas,Harris
77017,Houston,Texas,Harris
77018,Houston,Texas,Harris
77019,Houston,Texas,Harris
77020,Houston,Texas,Harris
77021,Houston,Texas,Harris
77022,Houston,Texas,Harris
77023,Houston,Texas,Harris
77024,Houston,Texas,Harris
77025,Houston,Texas,Harris
77026,Houston,Texas,Harris
77027,Houston,Texas,Harris
77028,Houston,Texas,Harris
77029,Houston,Texas,Harris
77030,Houston,Texas,Harris
77031,Houston,Texas,Harris
77032,Houston,Texas,Harris
77033,Houston,Texas,Harris
77034,Houston,Texas,Harris
77035,Houston,Texas,Harris
77036,Houston,Texas,Harris
77037,Houston,Texas,Harris
77038,Houston,Texas,Harris
77039,Houston,Texas,Harris
77040,Houston,Texas,Harris
77041,Houston,Texas,Harris
77042,Houston,Texas,Harris
77043,Houston,Texas,Harris
77044,Houston,Texas,Harris
77045,Houston,Texas,Harris
77046,Houston,Texas,Harris
77047,Houston,Texas,Harris
77048,Houston,Texas,Harris
77049,Houston,Texas,Harris
77050,Houston,Texas,Harris
77051,Houston,Texas,Harris
77053,Houston,Texas,Fort Bend
77054,Houston,Texas,Harris
77055,Houston,Texas,Harris
77056,Houston,Texas,Harris
77057,Houston,Texas,Harris
77058,Houston,Texas,Harris
77059,Houston,Texas,Harris
77060,Houston,Texas,Harris
77061,Houston,Texas,Harris
77062,Houston,Texas,Harris
77063,Houston,Texas,Harris
77064,Houston,Texas,Harris
77065,Houston,Texas,Harris
77066,Houston,Texas,Harris
77067,Houston,Texas,Harris
77068,Houston,Texas,Harris
77069,Houston,Texas,Harris
77070,Houston,Texas,Harris
77071,Houston,Texas,Harris
77072,Houston,Texas,Harris
77073,Houston,Texas,Harris
77074,Houston,Texas,Harris
77075,Houston,Texas,Harris
77076,Houston,Texas,Harris
77077,Houston,Texas,Harris
77078,Houston,Texas,Harris
77079,Houston,Texas,Harris
77080,Houston,Texas,Harris
77081,Houston,Texas,Harris
77082,Houston,Texas,Harris
77083,Houston,Texas,Harris
77084,Houston,Texas,Harris
77085,Houston,Texas,Harris
77086,Houston,Texas,Harris
77087,Houston,Texas,Harris
77088,Houston,Texas,Harris
77089,Houston,Texas,Harris
77090,Houston,Texas,Harris
77091,Houston,Texas,Harris
77092,Houston,Texas,Harris
77093,Houston,Texas,Harris
77094,Houston,Texas,Harris
77095,Houston,Texas,Harris
77096,Houston,Texas,Harris
77098,Houston,Texas,Harris
77099,Houston,Texas,Harris
77201,Houston,Texas,Harris
77301,Conroe,Texas,Montgomery
77302,Conroe,Texas,Montgomery
77303,Conroe,Texas,Montgomery
77304,Conroe,Texas,Montgomery
77306,Conroe,Texas,Montgomery
77316,Montgomery,Texas,Montgomery
77318,Willis,Texas,Montgomery
77320,Huntsville,Texas,Walker
77326,Ace,Texas,Polk
77327,Cleveland,Texas,Liberty
77328,Cleveland,Texas,San Jacinto
77331,Coldspring,Texas,San Jacinto
77334,Dodge,Texas,Walker
77335,Goodrich,Texas,Polk
77336,Huffman,Texas,Harris
77338,Humble,Texas,Harris
77339,Kingwood,Texas,Harris
77340,Huntsville,Texas,Walker
77342,Huntsville,Texas,Walker
77345,Kingwood,Texas,Harris
77346,Humble,Texas,Harris
77350,Leggett,Texas,Polk
77351,Livingston,Texas,Polk
77354,Magnolia,Texas,Montgomery
77355,Magnolia,Texas,Montgomery
77356,Montgomery,Texas,Montgomery
77357,New Caney,Texas,Montgomery
77358,New Waverly,Texas,Walker
77359,Oakhurst,Texas,San Jacinto
77360,Onalaska,Texas,Polk
77362,Pinehurst,Texas,Montgomery
77363,Plantersville,Texas,Grimes
77364,Pointblank,Texas,San Jacinto
77365,Porter,Texas,Montgomery
77367,Riverside,Texas,Walker
77368,Romayor,Texas,Liberty
77369,Rye,Texas,Liberty
77371,Shepherd,Texas,San Jacinto
77372,Splendora,Texas,Montgomery
77373,Spring,Texas,Harris
77374,Thicket,Texas,Hardin
77375,Tomball,Texas,Harris
77376,Votaw,Texas,Hardin
77377,Tomball,Texas,Harris
77378,Willis,Texas,Montgomery
77379,Spring,Texas,Harris
77380,Spring,Texas,Montgomery
77381,Spring,Texas,Montgomery
77382,Spring,Texas,Montgomery
77384,Conroe,Texas,Montgomery
77385,Conroe,Texas,Montgomery
77386,Spring,Texas,Montgomery
77388,Spring,Texas,Harris
77389,Spring,Texas,Harris
77396,Humble,Texas,Harris
77401,Bellaire,Texas,Harris
77406,Richmond,Texas,Fort Bend
77407,Richmond,Texas,Fort Bend
77412,Altair,Texas,Colorado
77414,Bay City,Texas,Matagorda
77415,Cedar Lane,Texas,Matagorda
77417,Beasley,Texas,Fort Bend
77418,Bellville,Texas,Austin
77419,Blessing,Texas,Matagorda
77420,Boling,Texas,Wharton
77422,Brazoria,Texas,Brazoria
77423,Brookshire,Texas,Waller
77426,Chappell Hill,Texas,Washington
77428,Collegeport,Texas,Matagorda
77429,Cypress,Texas,Harris
77430,Damon,Texas,Brazoria
77432,Danevang,Texas,Wharton
77433,Cypress,Texas,Harris
77434,Eagle Lake,Texas,Colorado
77435,East Bernard,Texas,Wharton
77436,Egypt,Texas,Wharton
77437,El Campo,Texas,Wharton
77440,Elmaton,Texas,Matagorda
77441,Fulshear,Texas,Fort Bend
77442,Garwood,Texas,Colorado
77443,Glen Flora,Texas,Wharton
77444,Guy,Texas,Fort Bend
77445,Hempstead,Texas,Waller
77446,Prairie View,Texas,Waller
77447,Hockley,Texas,Harris
77448,Hungerford,Texas,Wharton
77449,Katy,Texas,Harris
77450,Katy,Texas,Harris
77451,Kendleton,Texas,Fort Bend
77453,Lane City,Texas,Wharton
77454,Lissie,Texas,Wharton
77455,Louise,Texas,Wharton
77456,Markham,Texas,Matagorda
77457,Matagorda,Texas,Matagorda
77458,Midfield,Texas,Matagorda
77459,Missouri City,Texas,Fort Bend
77460,Nada,Texas,Colorado
77461,Needville,Texas,Fort Bend
77464,Orchard,Texas,Fort Bend
77465,Palacios,Texas,Matagorda
77466,Pattison,Texas,Waller
77467,Pierce,Texas,Wharton
77468,Pledger,Texas,Matagorda
77469,Richmond,Texas,Fort Bend
77470,Rock Island,Texas,Colorado
77471,Rosenberg,Texas,Fort Bend
77473,San Felipe,Texas,Austin
77474,Sealy,Texas,Austin
77475,Sheridan,Texas,Colorado
77476,Simonton,Texas,Fort Bend
77477,Stafford,Texas,Fort Bend
77478,Sugar Land,Texas,Fort Bend
77479,Sugar Land,Texas,Fort Bend
77480,Sweeny,Texas,Brazoria
77481,Thompsons,Texas,Fort Bend
77482,Van Vleck,Texas,Matagorda
77483,Wadsworth,Texas,Matagorda
77484,Waller,Texas,Waller
77485,Wallis,Texas,Austin
77486,West Columbia,Texas,Brazoria
77488,Wharton,Texas,Wharton
77489,Missouri City,Texas,Fort Bend
77493,Katy,Texas,Harris
77494,Katy,Texas,Fort Bend
77498,Sugar Land,Texas,Fort Bend
77502,Pasadena,Texas,Harris
77503,Pasadena,Texas,Harris
77504,Pasadena,Texas,Harris
77505,Pasadena,Texas,Harris
77506,Pasadena,Texas,Harris
77507,Pasadena,Texas,Harris
77510,Santa Fe,Texas,Galveston
77511,Alvin,Texas,Brazoria
77514,Anahuac,Texas,Chambers
77515,Angleton,Texas,Brazoria
77517,Santa Fe,Texas,Galveston
77518,Bacliff,Texas,Galveston
77519,Batson,Texas,Hardin
77520,Baytown,Texas,Harris
77521,Baytown,Texas,Harris
77523,Baytown,Texas,Chambers
77530,Channelview,Texas,Harris
77531,Clute,Texas,Brazoria
77532,Crosby,Texas,Harris
77533,Daisetta,Texas,Liberty
77534,Danbury,Texas,Brazoria
77535,Dayton,Texas,Liberty
77536,Deer Park,Texas,Harris
77538,Devers,Texas,Liberty
77539,Dickinson,Texas,Galveston
77541,Freeport,Texas,Brazoria
77545,Fresno,Texas,Fort Bend
77546,Friendswood,Texas,Galveston
77547,Galena Park,Texas,Harris
77550,Galveston,Texas,Galveston
77551,Galveston,Texas,Galveston
77554,Galveston,Texas,Galveston
77560,Hankamer,Texas,Chambers
77561,Hardin,Texas,Liberty
77562,Highlands,Texas,Harris
77563,Hitchcock,Texas,Galveston
77564,Hull,Texas,Liberty
77565,Kemah,Texas,Galveston
77566,Lake Jackson,Texas,Brazoria
77568,La Marque,Texas,Galveston
77571,La Porte,Texas,Harris
77573,League City,Texas,Galveston
77575,Liberty,Texas,Liberty
77577,Liverpool,Texas,Brazoria
77578,Manvel,Texas,Brazoria
77580,Mont Belvieu,Texas,Chambers
77581,Pearland,Texas,Brazoria
77583,Rosharon,Texas,Brazoria
77584,Pearland,Texas,Brazoria
77585,Saratoga,Texas,Hardin
77586,Seabrook,Texas,Harris
77587,South Houston,Texas,Harris
77590,Texas City,Texas,Galveston
77591,Texas City,Texas,Galveston
77597,Wallisville,Texas,Chambers
77598,Webster,Texas,Harris
77611,Bridge City,Texas,Orange
77612,Buna,Texas,Jasper
77613,China,Texas,Jefferson
77614,Deweyville,Texas,Newton
77615,Evadale,Texas,Jasper
77616,Fred,Texas,Tyler
77617,Gilchrist,Texas,Galveston
77619,Groves,Texas,Jefferson
77622,Hamshire,Texas,Jefferson
77623,High Island,Texas,Galveston
77624,Hillister,Texas,Tyler
77625,Kountze,Texas,Hardin
77627,Nederland,Texas,Jefferson
77629,Nome,Texas,Jefferson
77630,Orange,Texas,Orange
77632,Orange,Texas,Orange
77640,Port Arthur,Texas,Jefferson
77642,Port Arthur,Texas,Jefferson
77650,Port Bolivar,Texas,Galveston
77651,Port Neches,Texas,Jefferson
77655,Sabine Pass,Texas,Jefferson
77656,Silsbee,Texas,Hardin
77657,Lumberton,Texas,Hardin
77659,Sour Lake,Texas,Hardin
77660,Spurger,Texas,Tyler
77661,Stowell,Texas,Chambers
77662,Vidor,Texas,Orange
77663,Village Mills,Texas,Hardin
77664,Warren,Texas,Tyler
77665,Winnie,Texas,Chambers
77701,Beaumont,Texas,Jefferson
77702,Beaumont,Texas,Jefferson
77703,Beaumont,Texas,Jefferson
77705,Beaumont,Texas,Jefferson
77706,Beaumont,Texas,Jefferson
77707,Beaumont,Texas,Jefferson
77708,Beaumont,Texas,Jefferson
77713,Beaumont,Texas,Jefferson
77801,Bryan,Texas,Brazos
77802,Bryan,Texas,Brazos
77803,Bryan,Texas,Brazos
77807,Bryan,Texas,Brazos
77808,Bryan,Texas,Brazos
77830,Anderson,Texas,Grimes
77831,Bedias,Texas,Grimes
77833,Brenham,Texas,Washington
77835,Burton,Texas,Washington
77836,Caldwell,Texas,Burleson
77837,Calvert,Texas,Robertson
77840,College Station,Texas,Brazos
77845,College Station,Texas,Brazos
77853,Dime Box,Texas,Lee
77855,Flynn,Texas,Leon
77856,Franklin,Texas,Robertson
77857,Gause,Texas,Milam
77859,Hearne,Texas,Robertson
77861,Iola,Texas,Grimes
77864,Madisonville,Texas,Madison
77865,Marquez,Texas,Leon
77867,Mumford,Texas,Robertson
77868,Navasota,Texas,Grimes
77871,Normangee,Texas,Leon
77872,North Zulch,Texas,Madison
77873,Richards,Texas,Grimes
77876,Shiro,Texas,Grimes
77878,Snook,Texas,Burleson
77879,Somerville,Texas,Burleson
77880,Washington,Texas,Washington
77901,Victoria,Texas,Victoria
77904,Victoria,Texas,Victoria
77905,Victoria,Texas,Victoria
77950,Austwell,Texas,Refugio
77951,Bloomington,Texas,Victoria
77954,Cuero,Texas,DeWitt
77957,Edna,Texas,Jackson
77960,Fannin,Texas,Goliad
77961,Francitas,Texas,Jackson
77962,Ganado,Texas,Jackson
77963,Goliad,Texas,Goliad
77964,Hallettsville,Texas,Lavaca
77968,Inez,Texas,Victoria
77969,La Salle,Texas,Jackson
77970,La Ward,Texas,Jackson
77971,Lolita,Texas,Jackson
77973,Mcfaddin,Texas,Victoria
77974,Meyersville,Texas,Victoria
77975,Moulton,Texas,Lavaca
77976,Nursery,Texas,Victoria
77977,Placedo,Texas,Victoria
77978,Point Comfort,Texas,Calhoun
77979,Port Lavaca,Texas,Calhoun
77982,Port O'Connor,Texas,Calhoun
77983,Seadrift,Texas,Calhoun
77984,Shiner,Texas,Lavaca
77987,Sweet Home,Texas,Lavaca
77988,Telferner,Texas,Victoria
77990,Tivoli,Texas,Refugio
77991,Vanderbilt,Texas,Jackson
77993,Weesatche,Texas,Goliad
77994,Westhoff,Texas,DeWitt
77995,Yoakum,Texas,Lavaca
78001,Artesia Wells,Texas,La Salle
78002,Atascosa,Texas,Bexar
78003,Bandera,Texas,Bandera
78004,Bergheim,Texas,Kendall
78005,Bigfoot,Texas,Frio
78006,Boerne,Texas,Kendall
78007,Calliham,Texas,McMullen
78008,Campbellton,Texas,Atascosa
78009,Castroville,Texas,Medina
78010,Center Point,Texas,Kerr
78011,Charlotte,Texas,Atascosa
78012,Christine,Texas,Atascosa
78013,Comfort,Texas,Kendall
78014,Cotulla,Texas,La Salle
78015,Boerne,Texas,Bexar
78016,Devine,Texas,Medina
78017,Dilley,Texas,Frio
78019,Encinal,Texas,La Salle
78021,Fowlerton,Texas,La Salle
78022,George West,Texas,Live Oak
78023,Helotes,Texas,Bexar
78024,Hunt,Texas,Kerr
78025,Ingram,Texas,Kerr
78026,Jourdanton,Texas,Atascosa
78027,Kendalia,Texas,Kendall
78028,Kerrville,Texas,Kerr
78029,Kerrville,Texas,Kerr
78039,La Coste,Texas,Medina
78040,Laredo,Texas,Webb
78041,Laredo,Texas,Webb
78043,Laredo,Texas,Webb
78044,Laredo,Texas,Webb
78045,Laredo,Texas,Webb
78046,Laredo,Texas,Webb
78050,Leming,Texas,Atascosa
78052,Lytle,Texas,Atascosa
78055,Medina,Texas,Bandera
78056,Mico,Texas,Medina
78057,Moore,Texas,Frio
78058,Mountain Home,Texas,Kerr
78059,Natalia,Texas,Medina
78060,Oakville,Texas,Live Oak
78061,Pearsall,Texas,Frio
78063,Pipe Creek,Texas,Bandera
78064,Pleasanton,Texas,Atascosa
78065,Poteet,Texas,Atascosa
78066,Rio Medina,Texas,Medina
78067,San Ygnacio,Texas,Zapata
78069,Somerset,Texas,Atascosa
78070,Spring Branch,Texas,Comal
78071,Three Rivers,Texas,Live Oak
78072,Tilden,Texas,McMullen
78073,Von Ormy,Texas,Bexar
78075,Whitsett,Texas,Live Oak
78076,Zapata,Texas,Zapata
78101,Adkins,Texas,Bexar
78102,Beeville,Texas,Bee
78104,Beeville,Texas,Bee
78107,Berclair,Texas,Goliad
78108,Cibolo,Texas,Guadalupe
78109,Converse,Texas,Bexar
78112,Elmendorf,Texas,Bexar
78113,Falls City,Texas,Karnes
78114,Floresville,Texas,Wilson
78116,Gillett,Texas,Karnes
78117,Hobson,Texas,Karnes
78118,Karnes City,Texas,Karnes
78119,Kenedy,Texas,Karnes
78121,La Vernia,Texas,Wilson
78122,Leesville,Texas,Gonzales
78123,McQueeney,Texas,Guadalupe
78124,Marion,Texas,Guadalupe
78125,Mineral,Texas,Bee
78130,New Braunfels,Texas,Comal
78132,New Braunfels,Texas,Comal
78133,Canyon Lake,Texas,Comal
78140,Nixon,Texas,Gonzales
78141,Nordheim,Texas,DeWitt
78142,Normanna,Texas,Bee
78143,Pandora,Texas,Wilson
78144,Panna Maria,Texas,Karnes
78145,Pawnee,Texas,Bee
78146,Pettus,Texas,Bee
78147,Poth,Texas,Wilson
78148,Universal City,Texas,Bexar
78150,Jbsa Randolph,Texas,Bexar
78151,Runge,Texas,Karnes
78152,Saint Hedwig,Texas,Bexar
78154,Schertz,Texas,Guadalupe
78155,Seguin,Texas,Guadalupe
78159,Smiley,Texas,Gonzales
78160,Stockdale,Texas,Wilson
78161,Sutherland Springs,Texas,Wilson
78162,Tuleta,Texas,Bee
78163,Bulverde,Texas,Comal
78164,Yorktown,Texas,DeWitt
78201,San Antonio,Texas,Bexar
78202,San Antonio,Texas,Bexar
78203,San Antonio,Texas,Bexar
78204,San Antonio,Texas,Bexar
78205,San Antonio,Texas,Bexar
78207,San Antonio,Texas,Bexar
78208,San Antonio,Texas,Bexar
78209,San Antonio,Texas,Bexar
78210,San Antonio,Texas,Bexar
78211,San Antonio,Texas,Bexar
78212,San Antonio,Texas,Bexar
78213,San Antonio,Texas,Bexar
78214,San Antonio,Texas,Bexar
78215,San Antonio,Texas,Bexar
78216,San Antonio,Texas,Bexar
78217,San Antonio,Texas,Bexar
78218,San Antonio,Texas,Bexar
78219,San Antonio,Texas,Bexar
78220,San Antonio,Texas,Bexar
78221,San Antonio,Texas,Bexar
78222,San Antonio,Texas,Bexar
78223,San Antonio,Texas,Bexar
78224,San Antonio,Texas,Bexar
78225,San Antonio,Texas,Bexar
78226,San Antonio,Texas,Bexar
78227,San Antonio,Texas,Bexar
78228,San Antonio,Texas,Bexar
78229,San Antonio,Texas,Bexar
78230,San Antonio,Texas,Bexar
78231,San Antonio,Texas,Bexar
78232,San Antonio,Texas,Bexar
78233,San Antonio,Texas,Bexar
78234,Jbsa Ft Sam Houston,Texas,Bexar
78235,San Antonio,Texas,Bexar
78236,Jbsa Lackland,Texas,Bexar
78237,San Antonio,Texas,Bexar
78238,San Antonio,Texas,Bexar
78239,San Antonio,Texas,Bexar
78240,San Antonio,Texas,Bexar
78242,San Antonio,Texas,Bexar
78243,San Antonio,Texas,Bexar
78244,San Antonio,Texas,Bexar
78245,San Antonio,Texas,Bexar
78247,San Antonio,Texas,Bexar
78248,San Antonio,Texas,Bexar
78249,San Antonio,Texas,Bexar
78250,San Antonio,Texas,Bexar
78251,San Antonio,Texas,Bexar
78252,San Antonio,Texas,Bexar
78253,San Antonio,Texas,Bexar
78254,San Antonio,Texas,Bexar
78255,San Antonio,Texas,Bexar
78256,San Antonio,Texas,Bexar
78257,San Antonio,Texas,Bexar
78258,San Antonio,Texas,Bexar
78259,San Antonio,Texas,Bexar
78260,San Antonio,Texas,Bexar
78261,San Antonio,Texas,Bexar
78263,San Antonio,Texas,Bexar
78264,San Antonio,Texas,Bexar
78266,San Antonio,Texas,Comal
78330,Agua Dulce,Texas,Nueces
78332,Alice,Texas,Jim Wells
78335,Aransas Pass,Texas,Nueces
78336,Aransas Pass,Texas,San Patricio
78338,Armstrong,Texas,Kenedy
78339,Banquete,Texas,Nueces
78340,Bayside,Texas,Refugio
78341,Benavides,Texas,Duval
78342,Ben Bolt,Texas,Jim Wells
78343,Bishop,Texas,Nueces
78344,Bruni,Texas,Webb
78349,Concepcion,Texas,Duval
78351,Driscoll,Texas,Nueces
78352,Edroy,Texas,San Patricio
78353,Encino,Texas,Brooks
78355,Falfurrias,Texas,Brooks
78357,Freer,Texas,Duval
78358,Fulton,Texas,Aransas
78359,Gregory,Texas,San Patricio
78361,Hebbronville,Texas,Jim Hogg
78362,Ingleside,Texas,San Patricio
78363,Kingsville,Texas,Kleberg
78368,Mathis,Texas,San Patricio
78369,Mirando City,Texas,Webb
78370,Odem,Texas,San Patricio
78371,Oilton,Texas,Webb
78372,Orange Grove,Texas,Jim Wells
78373,Port Aransas,Texas,Nueces
78374,Portland,Texas,San Patricio
78375,Premont,Texas,Jim Wells
78376,Realitos,Texas,Duval
78377,Refugio,Texas,Refugio
78379,Riviera,Texas,Kleberg
78380,Robstown,Texas,Nueces
78382,Rockport,Texas,Aransas
78383,Sandia,Texas,Jim Wells
78384,San Diego,Texas,Duval
78385,Sarita,Texas,Kenedy
78387,Sinton,Texas,San Patricio
78389,Skidmore,Texas,Bee
78390,Taft,Texas,San Patricio
78391,Tynan,Texas,Bee
78393,Woodsboro,Texas,Refugio
78401,Corpus Christi,Texas,Nueces
78402,Corpus Christi,Texas,Nueces
78404,Corpus Christi,Texas,Nueces
78405,Corpus Christi,Texas,Nueces
78406,Corpus Christi,Texas,Nueces
78407,Corpus Christi,Texas,Nueces
78408,Corpus Christi,Texas,Nueces
78409,Corpus Christi,Texas,Nueces
78410,Corpus Christi,Texas,Nueces
78411,Corpus Christi,Texas,Nueces
78412,Corpus Christi,Texas,Nueces
78413,Corpus Christi,Texas,Nueces
78414,Corpus Christi,Texas,Nueces
78415,Corpus Christi,Texas,Nueces
78416,Corpus Christi,Texas,Nueces
78417,Corpus Christi,Texas,Nueces
78418,Corpus Christi,Texas,Nueces
78419,Corpus Christi,Texas,Nueces
78501,Mcallen,Texas,Hidalgo
78503,Mcallen,Texas,Hidalgo
78504,Mcallen,Texas,Hidalgo
78516,Alamo,Texas,Hidalgo
78520,Brownsville,Texas,Cameron
78521,Brownsville,Texas,Cameron
78526,Brownsville,Texas,Cameron
78535,Combes,Texas,Cameron
78536,Delmita,Texas,Starr
78537,Donna,Texas,Hidalgo
78538,Edcouch,Texas,Hidalgo
78539,Edinburg,Texas,Hidalgo
78541,Edinburg,Texas,Hidalgo
78542,Edinburg,Texas,Hidalgo
78543,Elsa,Texas,Hidalgo
78545,Falcon Heights,Texas,Starr
78548,Grulla,Texas,Starr
78549,Hargill,Texas,Hidalgo
78550,Harlingen,Texas,Cameron
78552,Harlingen,Texas,Cameron
78557,Hidalgo,Texas,Hidalgo
78558,La Blanca,Texas,Hidalgo
78559,La Feria,Texas,Cameron
78560,La Joya,Texas,Hidalgo
78561,Lasara,Texas,Willacy
78562,La Villa,Texas,Hidalgo
78563,Linn,Texas,Hidalgo
78564,Lopeno,Texas,Zapata
78565,Los Ebanos,Texas,Hidalgo
78566,Los Fresnos,Texas,Cameron
78567,Los Indios,Texas,Cameron
78569,Lyford,Texas,Willacy
78570,Mercedes,Texas,Hidalgo
78572,Mission,Texas,Hidalgo
78573,Mission,Texas,Hidalgo
78574,Mission,Texas,Hidalgo
78575,Olmito,Texas,Cameron
78576,Penitas,Texas,Hidalgo
78577,Pharr,Texas,Hidalgo
78578,Port Isabel,Texas,Cameron
78579,Progreso,Texas,Hidalgo
78580,Raymondville,Texas,Willacy
78582,Rio Grande City,Texas,Starr
78583,Rio Hondo,Texas,Cameron
78584,Roma,Texas,Starr
78585,Salineno,Texas,Starr
78586,San Benito,Texas,Cameron
78588,San Isidro,Texas,Starr
78589,San Juan,Texas,Hidalgo
78590,San Perlita,Texas,Willacy
78591,Santa Elena,Texas,Starr
78592,Santa Maria,Texas,Cameron
78593,Santa Rosa,Texas,Cameron
78594,Sebastian,Texas,Willacy
78595,Sullivan City,Texas,Hidalgo
78596,Weslaco,Texas,Hidalgo
78597,South Padre Island,Texas,Cameron
78598,Port Mansfield,Texas,Willacy
78602,Bastrop,Texas,Bastrop
78605,Bertram,Texas,Burnet
78606,Blanco,Texas,Blanco
78607,Bluffton,Texas,Llano
78608,Briggs,Texas,Burnet
78609,Buchanan Dam,Texas,Llano
78610,Buda,Texas,Hays
78611,Burnet,Texas,Burnet
78612,Cedar Creek,Texas,Bastrop
78613,Cedar Park,Texas,Williamson
78614,Cost,Texas,Gonzales
78615,Coupland,Texas,Williamson
78616,Dale,Texas,Caldwell
78617,Del Valle,Texas,Travis
78618,Doss,Texas,Gillespie
78619,Driftwood,Texas,Hays
78620,Dripping Springs,Texas,Hays
78621,Elgin,Texas,Bastrop
78622,Fentress,Texas,Caldwell
78623,Fischer,Texas,Comal
78624,Fredericksburg,Texas,Gillespie
78626,Georgetown,Texas,Williamson
78628,Georgetown,Texas,Williamson
78629,Gonzales,Texas,Gonzales
78631,Harper,Texas,Gillespie
78632,Harwood,Texas,Gonzales
78633,Georgetown,Texas,Williamson
78634,Hutto,Texas,Williamson
78635,Hye,Texas,Blanco
78636,Johnson City,Texas,Blanco
78638,Kingsbury,Texas,Guadalupe
78639,Kingsland,Texas,Llano
78640,Kyle,Texas,Hays
78641,Leander,Texas,Williamson
78642,Liberty Hill,Texas,Williamson
78643,Llano,Texas,Llano
78644,Lockhart,Texas,Caldwell
78645,Leander,Texas,Travis
78648,Luling,Texas,Caldwell
78650,McDade,Texas,Bastrop
78652,Manchaca,Texas,Travis
78653,Manor,Texas,Travis
78654,Marble Falls,Texas,Burnet
78655,Martindale,Texas,Caldwell
78656,Maxwell,Texas,Caldwell
78657,Horseshoe Bay,Texas,Llano
78659,Paige,Texas,Bastrop
78660,Pflugerville,Texas,Travis
78661,Prairie Lea,Texas,Caldwell
78662,Red Rock,Texas,Bastrop
78663,Round Mountain,Texas,Blanco
78664,Round Rock,Texas,Williamson
78665,Round Rock,Texas,Williamson
78666,San Marcos,Texas,Hays
78669,Spicewood,Texas,Travis
78670,Staples,Texas,Guadalupe
78671,Stonewall,Texas,Gillespie
78672,Tow,Texas,Llano
78675,Willow City,Texas,Gillespie
78676,Wimberley,Texas,Hays
78677,Wrightsboro,Texas,Gonzales
78681,Round Rock,Texas,Williamson
78701,Austin,Texas,Travis
78702,Austin,Texas,Travis
78703,Austin,Texas,Travis
78704,Austin,Texas,Travis
78705,Austin,Texas,Travis
78712,Austin,Texas,Travis
78717,Austin,Texas,Williamson
78719,Austin,Texas,Travis
78721,Austin,Texas,Travis
78722,Austin,Texas,Travis
78723,Austin,Texas,Travis
78724,Austin,Texas,Travis
78725,Austin,Texas,Travis
78726,Austin,Texas,Travis
78727,Austin,Texas,Travis
78728,Austin,Texas,Travis
78729,Austin,Texas,Williamson
78730,Austin,Texas,Travis
78731,Austin,Texas,Travis
78732,Austin,Texas,Travis
78733,Austin,Texas,Travis
78734,Austin,Texas,Travis
78735,Austin,Texas,Travis
78736,Austin,Texas,Travis
78737,Austin,Texas,Hays
78738,Austin,Texas,Travis
78739,Austin,Texas,Travis
78741,Austin,Texas,Travis
78742,Austin,Texas,Travis
78744,Austin,Texas,Travis
78745,Austin,Texas,Travis
78746,Austin,Texas,Travis
78747,Austin,Texas,Travis
78748,Austin,Texas,Travis
78749,Austin,Texas,Travis
78750,Austin,Texas,Travis
78751,Austin,Texas,Travis
78752,Austin,Texas,Travis
78753,Austin,Texas,Travis
78754,Austin,Texas,Travis
78756,Austin,Texas,Travis
78757,Austin,Texas,Travis
78758,Austin,Texas,Travis
78759,Austin,Texas,Travis
78801,Uvalde,Texas,Uvalde
78802,Uvalde,Texas,Uvalde
78827,Asherton,Texas,Dimmit
78828,Barksdale,Texas,Edwards
78829,Batesville,Texas,Zavala
78830,Big Wells,Texas,Dimmit
78832,Brackettville,Texas,Kinney
78833,Camp Wood,Texas,Real
78834,Carrizo Springs,Texas,Dimmit
78836,Catarina,Texas,Dimmit
78837,Comstock,Texas,Val Verde
78838,Concan,Texas,Uvalde
78839,Crystal City,Texas,Zavala
78840,Del Rio,Texas,Val Verde
78843,Laughlin Afb,Texas,Val Verde
78850,D Hanis,Texas,Medina
78851,Dryden,Texas,Terrell
78852,Eagle Pass,Texas,Maverick
78860,El Indio,Texas,Maverick
78861,Hondo,Texas,Medina
78870,Knippa,Texas,Uvalde
78871,Langtry,Texas,Val Verde
78872,La Pryor,Texas,Zavala
78873,Leakey,Texas,Real
78877,Quemado,Texas,Maverick
78879,Rio Frio,Texas,Real
78880,Rocksprings,Texas,Edwards
78881,Sabinal,Texas,Uvalde
78883,Tarpley,Texas,Bandera
78884,Utopia,Texas,Uvalde
78885,Vanderpool,Texas,Bandera
78886,Yancey,Texas,Medina
78931,Bleiblerville,Texas,Austin
78932,Carmine,Texas,Fayette
78933,Cat Spring,Texas,Colorado
78934,Columbus,Texas,Colorado
78935,Alleyton,Texas,Colorado
78938,Ellinger,Texas,Fayette
78940,Fayetteville,Texas,Fayette
78941,Flatonia,Texas,Fayette
78942,Giddings,Texas,Lee
78943,Glidden,Texas,Colorado
78944,Industry,Texas,Austin
78945,La Grange,Texas,Fayette
78946,Ledbetter,Texas,Lee
78947,Lexington,Texas,Lee
78948,Lincoln,Texas,Lee
78949,Muldoon,Texas,Fayette
78950,New Ulm,Texas,Austin
78951,Oakland,Texas,Colorado
78953,Rosanky,Texas,Bastrop
78954,Round Top,Texas,Fayette
78956,Schulenburg,Texas,Fayette
78957,Smithville,Texas,Bastrop
78959,Waelder,Texas,Gonzales
78962,Weimar,Texas,Colorado
78963,West Point,Texas,Fayette
79001,Adrian,Texas,Oldham
79003,Allison,Texas,Wheeler
79005,Booker,Texas,Lipscomb
79007,Borger,Texas,Hutchinson
79009,Bovina,Texas,Parmer
79010,Boys Ranch,Texas,Oldham
79011,Briscoe,Texas,Wheeler
79012,Bushland,Texas,Potter
79013,Cactus,Texas,Moore
79014,Canadian,Texas,Hemphill
79015,Canyon,Texas,Randall
79016,Canyon,Texas,Randall
79018,Channing,Texas,Hartley
79019,Claude,Texas,Armstrong
79021,Cotton Center,Texas,Hale
79022,Dalhart,Texas,Dallam
79024,Darrouzett,Texas,Lipscomb
79025,Dawn,Texas,Deaf Smith
79027,Dimmitt,Texas,Castro
79029,Dumas,Texas,Moore
79031,Earth,Texas,Lamb
79032,Edmonson,Texas,Hale
79033,Farnsworth,Texas,Ochiltree
79034,Follett,Texas,Lipscomb
79035,Friona,Texas,Parmer
79036,Fritch,Texas,Hutchinson
79039,Groom,Texas,Carson
79040,Gruver,Texas,Hansford
79041,Hale Center,Texas,Hale
79042,Happy,Texas,Swisher
79043,Hart,Texas,Castro
79044,Hartley,Texas,Hartley
79045,Hereford,Texas,Deaf Smith
79046,Higgins,Texas,Lipscomb
79051,Kerrick,Texas,Dallam
79052,Kress,Texas,Swisher
79053,Lazbuddie,Texas,Parmer
79054,Lefors,Texas,Gray
79056,Lipscomb,Texas,Lipscomb
79057,Mclean,Texas,Gray
79058,Masterson,Texas,Potter
79059,Miami,Texas,Roberts
79061,Mobeetie,Texas,Wheeler
79062,Morse,Texas,Hansford
79063,Nazareth,Texas,Castro
79064,Olton,Texas,Lamb
79065,Pampa,Texas,Gray
79068,Panhandle,Texas,Carson
79070,Perryton,Texas,Ochiltree
79072,Plainview,Texas,Hale
79078,Sanford,Texas,Hutchinson
79079,Shamrock,Texas,Wheeler
79080,Skellytown,Texas,Carson
79081,Spearman,Texas,Hansford
79082,Springlake,Texas,Lamb
79083,Stinnett,Texas,Hutchinson
79084,Stratford,Texas,Sherman
79085,Summerfield,Texas,Castro
79086,Sunray,Texas,Moore
79087,Texline,Texas,Dallam
79088,Tulia,Texas,Swisher
79091,Umbarger,Texas,Randall
79092,Vega,Texas,Oldham
79093,Waka,Texas,Ochiltree
79094,Wayside,Texas,Armstrong
79095,Wellington,Texas,Collingsworth
79096,Wheeler,Texas,Wheeler
79097,White Deer,Texas,Carson
79098,Wildorado,Texas,Oldham
79101,Amarillo,Texas,Potter
79102,Amarillo,Texas,Potter
79103,Amarillo,Texas,Potter
79104,Amarillo,Texas,Potter
79105,Amarillo,Texas,Moore
79106,Amarillo,Texas,Potter
79107,Amarillo,Texas,Potter
79108,Amarillo,Texas,Potter
79109,Amarillo,Texas,Randall
79110,Amarillo,Texas,Randall
79111,Amarillo,Texas,Potter
79118,Amarillo,Texas,Randall
79119,Amarillo,Texas,Randall
79121,Amarillo,Texas,Randall
79124,Amarillo,Texas,Potter
79201,Childress,Texas,Childress
79220,Afton,Texas,Dickens
79225,Chillicothe,Texas,Hardeman
79226,Clarendon,Texas,Donley
79227,Crowell,Texas,Foard
79229,Dickens,Texas,Dickens
79230,Dodson,Texas,Collingsworth
79231,Dougherty,Texas,Floyd
79233,Estelline,Texas,Hall
79234,Flomot,Texas,Motley
79235,Floydada,Texas,Floyd
79236,Guthrie,Texas,King
79237,Hedley,Texas,Donley
79239,Lakeview,Texas,Hall
79240,Lelia Lake,Texas,Donley
79241,Lockney,Texas,Floyd
79243,Mcadoo,Texas,Dickens
79244,Matador,Texas,Motley
79245,Memphis,Texas,Hall
79247,Odell,Texas,Wilbarger
79248,Paducah,Texas,Cottle
79250,Petersburg,Texas,Hale
79251,Quail,Texas,Collingsworth
79252,Quanah,Texas,Hardeman
79255,Quitaque,Texas,Briscoe
79256,Roaring Springs,Texas,Motley
79257,Silverton,Texas,Briscoe
79258,South Plains,Texas,Floyd
79259,Tell,Texas,Childress
79261,Turkey,Texas,Hall
79311,Abernathy,Texas,Hale
79312,Amherst,Texas,Lamb
79313,Anton,Texas,Hockley
79314,Bledsoe,Texas,Cochran
79316,Brownfield,Texas,Terry
79322,Crosbyton,Texas,Crosby
79323,Denver City,Texas,Yoakum
79324,Enochs,Texas,Bailey
79325,Farwell,Texas,Parmer
79326,Fieldton,Texas,Lamb
79329,Idalou,Texas,Lubbock
79330,Justiceburg,Texas,Garza
79331,Lamesa,Texas,Dawson
79336,Levelland,Texas,Hockley
79339,Littlefield,Texas,Lamb
79342,Loop,Texas,Gaines
79343,Lorenzo,Texas,Crosby
79344,Maple,Texas,Bailey
79345,Meadow,Texas,Terry
79346,Morton,Texas,Cochran
79347,Muleshoe,Texas,Bailey
79350,New Deal,Texas,Lubbock
79351,Odonnell,Texas,Lynn
79353,Pep,Texas,Hockley
79355,Plains,Texas,Yoakum
79356,Post,Texas,Garza
79357,Ralls,Texas,Crosby
79358,Ropesville,Texas,Hockley
79359,Seagraves,Texas,Gaines
79360,Seminole,Texas,Gaines
79363,Shallowater,Texas,Lubbock
79364,Slaton,Texas,Lubbock
79366,Ransom Canyon,Texas,Lubbock
79367,Smyer,Texas,Hockley
79369,Spade,Texas,Lamb
79370,Spur,Texas,Dickens
79371,Sudan,Texas,Lamb
79372,Sundown,Texas,Hockley
79373,Tahoka,Texas,Lynn
79376,Tokio,Texas,Yoakum
79377,Welch,Texas,Dawson
79378,Wellman,Texas,Terry
79379,Whiteface,Texas,Cochran
79380,Whitharral,Texas,Hockley
79381,Wilson,Texas,Lynn
79382,Wolfforth,Texas,Lubbock
79401,Lubbock,Texas,Lubbock
79403,Lubbock,Texas,Lubbock
79404,Lubbock,Texas,Lubbock
79406,Lubbock,Texas,Lubbock
79407,Lubbock,Texas,Lubbock
79410,Lubbock,Texas,Lubbock
79411,Lubbock,Texas,Lubbock
79412,Lubbock,Texas,Lubbock
79413,Lubbock,Texas,Lubbock
79414,Lubbock,Texas,Lubbock
79415,Lubbock,Texas,Lubbock
79416,Lubbock,Texas,Lubbock
79423,Lubbock,Texas,Lubbock
79424,Lubbock,Texas,Lubbock
79501,Anson,Texas,Jones
79502,Aspermont,Texas,Stonewall
79503,Avoca,Texas,Jones
79504,Baird,Texas,Callahan
79505,Benjamin,Texas,Knox
79506,Blackwell,Texas,Nolan
79508,Buffalo Gap,Texas,Taylor
79510,Clyde,Texas,Callahan
79511,Coahoma,Texas,Howard
79512,Colorado City,Texas,Mitchell
79517,Fluvanna,Texas,Scurry
79518,Girard,Texas,Kent
79519,Goldsboro,Texas,Coleman
79520,Hamlin,Texas,Jones
79521,Haskell,Texas,Haskell
79525,Hawley,Texas,Jones
79526,Hermleigh,Texas,Scurry
79527,Ira,Texas,Scurry
79528,Jayton,Texas,Kent
79529,Knox City,Texas,Knox
79530,Lawn,Texas,Taylor
79532,Loraine,Texas,Mitchell
79533,Lueders,Texas,Jones
79534,McCaulley,Texas,Fisher
79535,Maryneal,Texas,Nolan
79536,Merkel,Texas,Taylor
79537,Nolan,Texas,Nolan
79538,Novice,Texas,Coleman
79539,O'Brien,Texas,Haskell
79540,Old Glory,Texas,Stonewall
79541,Ovalo,Texas,Taylor
79543,Roby,Texas,Fisher
79544,Rochester,Texas,Haskell
79545,Roscoe,Texas,Nolan
79546,Rotan,Texas,Fisher
79547,Rule,Texas,Haskell
79548,Rule,Texas,Haskell
79549,Snyder,Texas,Scurry
79553,Stamford,Texas,Jones
79556,Sweetwater,Texas,Nolan
79560,Sylvester,Texas,Fisher
79561,Trent,Texas,Taylor
79562,Tuscola,Texas,Taylor
79563,Tye,Texas,Taylor
79565,Westbrook,Texas,Mitchell
79566,Wingate,Texas,Taylor
79567,Winters,Texas,Runnels
79601,Abilene,Texas,Taylor
79602,Abilene,Texas,Taylor
79603,Abilene,Texas,Taylor
79605,Abilene,Texas,Taylor
79606,Abilene,Texas,Taylor
79607,Dyess Afb,Texas,Taylor
79699,Abilene,Texas,Taylor
79701,Midland,Texas,Midland
79703,Midland,Texas,Midland
79705,Midland,Texas,Midland
79706,Midland,Texas,Midland
79707,Midland,Texas,Midland
79713,Ackerly,Texas,Martin
79714,Andrews,Texas,Andrews
79718,Balmorhea,Texas,Reeves
79719,Barstow,Texas,Ward
79720,Big Spring,Texas,Howard
79730,Coyanosa,Texas,Pecos
79731,Crane,Texas,Crane
79733,Forsan,Texas,Howard
79734,Fort Davis,Texas,Jeff Davis
79735,Fort Stockton,Texas,Pecos
79738,Gail,Texas,Borden
79739,Garden City,Texas,Glasscock
79741,Goldsmith,Texas,Ector
79742,Grandfalls,Texas,Ward
79743,Imperial,Texas,Pecos
79744,Iraan,Texas,Pecos
79745,Kermit,Texas,Winkler
79748,Knott,Texas,Howard
79749,Lenorah,Texas,Martin
79752,McCamey,Texas,Upton
79754,Mentone,Texas,Loving
79755,Midkiff,Texas,Upton
79756,Monahans,Texas,Ward
79758,Gardendale,Texas,Ector
79759,Notrees,Texas,Ector
79761,Odessa,Texas,Ector
79762,Odessa,Texas,Ector
79763,Odessa,Texas,Ector
79764,Odessa,Texas,Ector
79765,Odessa,Texas,Ector
79766,Odessa,Texas,Ector
79770,Orla,Texas,Reeves
79772,Pecos,Texas,Reeves
79777,Pyote,Texas,Ward
79778,Rankin,Texas,Upton
79780,Saragosa,Texas,Reeves
79781,Sheffield,Texas,Pecos
79782,Stanton,Texas,Martin
79783,Tarzan,Texas,Martin
79785,Toyah,Texas,Reeves
79788,Wickett,Texas,Ward
79789,Wink,Texas,Winkler
79821,Anthony,Texas,El Paso
79830,Alpine,Texas,Brewster
79831,Alpine,Texas,Brewster
79834,Big Bend National Park,Texas,Brewster
79835,Canutillo,Texas,El Paso
79836,Clint,Texas,El Paso
79837,Dell City,Texas,Hudspeth
79838,Fabens,Texas,El Paso
79839,Fort Hancock,Texas,Hudspeth
79842,Marathon,Texas,Brewster
79843,Marfa,Texas,Presidio
79845,Presidio,Texas,Presidio
79846,Redford,Texas,Presidio
79847,Salt Flat,Texas,Hudspeth
79848,Sanderson,Texas,Terrell
79849,San Elizario,Texas,El Paso
79851,Sierra Blanca,Texas,Hudspeth
79852,Terlingua,Texas,Brewster
79853,Tornillo,Texas,El Paso
79854,Valentine,Texas,Jeff Davis
79855,Van Horn,Texas,Culberson
79901,El Paso,Texas,El Paso
79902,El Paso,Texas,El Paso
79903,El Paso,Texas,El Paso
79904,El Paso,Texas,El Paso
79905,El Paso,Texas,El Paso
79906,El Paso,Texas,El Paso
79907,El Paso,Texas,El Paso
79908,El Paso,Texas,El Paso
79911,El Paso,Texas,El Paso
79912,El Paso,Texas,El Paso
79915,El Paso,Texas,El Paso
79916,Fort Bliss,Texas,El Paso
79920,El Paso,Texas,El Paso
79922,El Paso,Texas,El Paso
79924,El Paso,Texas,El Paso
79925,El Paso,Texas,El Paso
79927,El Paso,Texas,El Paso
79928,El Paso,Texas,El Paso
79930,El Paso,Texas,El Paso
79932,El Paso,Texas,El Paso
79934,El Paso,Texas,El Paso
79935,El Paso,Texas,El Paso
79936,El Paso,Texas,El Paso
79938,El Paso,Texas,El Paso
79942,El Paso,Texas,Crockett
